ID_faux,Placette,Replicat,Nb,ID,Distance,Taille(mm),ouiaturite,Maturite,Famille,Date,Observateur
Aa1,A,a,1,Aa1,18,45,ouiature,oui,endoge,10/10/2025,Simon
Aa2,A,a,2,Aa2,18,15,nonuvenile,non,ind,10/10/2025,Noe
Aa3,A,a,3,Aa3,18,50,ouiature,oui,anecique_tete_noire,10/10/2025,Simon
Aa4,A,a,4,Aa4,18,20,nonuvenile,non,anecique_tete_noire,10/10/2025,Noe
Aa5,A,a,5,Aa5,18,35,nonuvenile,non,anecique_tete_noire,10/10/2025,Simon
Aa6,A,a,6,Aa6,18,20,ouiature,oui,epige,10/10/2025,Noe
Aa7,A,a,7,Aa7,18,35,nonuvenile,non,anecique_tete_noire,10/10/2025,Simon
Aa8,A,a,8,Aa8,18,20,ouiature,oui,epige,10/10/2025,Noe
Aa9,A,a,9,Aa9,18,50,nonuvenile,non,anecique_tete_noire,10/10/2025,Simon
Aa10,A,a,10,Aa10,18,113,nonuvenile,non,anecique_tete_rouge,10/10/2025,Noe
Ab1,A,b,1,Ab1,18,30,nonuvenile,non,endoge,10/10/2025,Noe
Ab2,A,b,2,Ab2,18,45,ouiature,oui,endoge,10/10/2025,Clara
Ab3,A,b,3,Ab3,18,55,ouiature,oui,endoge,10/10/2025,Noe
Ab4,A,b,4,Ab4,18,145,nonuvenile,non,anecique_tete_rouge,10/10/2025,Clara
Ab5,A,b,5,Ab5,18,53,ouiature,oui,endoge,10/10/2025,Noe
Ab6,A,b,6,Ab6,18,180,ouiature,oui,anecique_tete_noire,10/10/2025,Clara
Ab7,A,b,7,Ab7,18,45,ouiature,oui,endoge,10/10/2025,Noe
Ab8,A,b,8,Ab8,18,35,nonuvenile,non,endoge,10/10/2025,Clara
Ab9,A,b,9,Ab9,18,35,nonuvenile,non,endoge,10/10/2025,Noe
Ab10,A,b,10,Ab10,18,35,nonuvenile,non,endoge,10/10/2025,Clara
Ab11,A,b,11,Ab11,18,130,ouiature,oui,anecique_tete_rouge,10/10/2025,Noe
Ab12,A,b,12,Ab12,18,115,nonuvenile,non,anecique_tete_rouge,10/10/2025,Clara
Ab13,A,b,13,Ab13,18,35,ouiature,oui,anecique_tete_noire,10/10/2025,Noe
Ab14,A,b,14,Ab14,18,35,nonuvenile,non,anecique_tete_noire,10/10/2025,Clara
Ab15,A,b,15,Ab15,18,45,nonuvenile,non,anecique_tete_noire,10/10/2025,Clara
Ab16,A,b,16,Ab16,18,140,ouiature,oui,anecique_tete_noire,10/10/2025,Noe
Ab17,A,b,17,Ab17,18,25,nonuvenile,non,endoge,10/10/2025,Clara
Ab18,A,b,18,Ab18,18,52,ouiature,oui,endoge,10/10/2025,Noe
Ab19,A,b,19,Ab19,18,22,nonuvenile,non,epige,10/10/2025,Clara
Ab20,A,b,20,Ab20,18,100,ouiature,oui,anecique_tete_noire,10/10/2025,Noe
Ab21,A,b,21,Ab21,18,25,nonuvenile,non,epige,10/10/2025,Clara
Ab22,A,b,22,Ab22,18,45,nonuvenile,non,endoge,10/10/2025,Noe
Ab23,A,b,23,Ab23,18,60,nonuvenile,non,endoge,10/10/2025,Clara
Ab24,A,b,24,Ab24,18,60,nonuvenile,non,anecique_tete_rouge,10/10/2025,Noe
Ab25,A,b,25,Ab25,18,20,nonuvenile,non,endoge,10/10/2025,Noe
Ab26,A,b,26,Ab26,18,16,nonuvenile,non,epige,10/10/2025,Clara
Ab27,A,b,27,Ab27,18,120,ouiature,oui,anecique_tete_rouge,10/10/2025,Noe
Ac1,A,c,1,Ac1,18,40,ouiature,oui,endoge,15/10/25,Carole
Ac2,A,c,2,Ac2,18,40,nonuvenile,non,endoge,15-10-2025,Clara
Ac3,A,c,3,Ac3,18,30,nonuvenile,non,endoge,15/10/25,Noe
Ac4,A,c,4,Ac4,18,100,nonuvenile,non,anecique_tete_noire,15/10/25,Noe
Ac5,A,c,5,Ac5,18,40,ouiature,oui,epige,15/10/25,Carole
Ac6,A,c,6,Ac6,18,40,nonuvenile,non,anecique_tete_noire,15/10/25,Noe
Ac7,A,c,7,Ac7,18,40,nonuvenile,non,endoge,15/10/25,Noe
Ac8,A,c,8,Ac8,18,100,nonuvenile,non,anecique_tete_noire,15/10/25,Carole
Ac9,A,c,9,Ac9,18,50,nonuvenile,non,epige,15/10/25,Noe
Ac10,A,c,10,Ac10,18,20,nonuvenile,non,endoge,15/10/25,Noe
Ac11,A,c,11,Ac11,18,120,nonuvenile,non,anecique_tete_noire,15/10/25,Carole
Ac12,A,c,12,Ac12,18,40,nonuvenile,non,anecique_tete_noire,15/10/25,Noe
Ac13,A,c,13,Ac13,18,30,nonuvenile,non,epige,15/10/25,Noe
Ac14,A,c,14,Ac14,18,40,nonuvenile,non,endoge,15/10/25,Carole
Ac15,A,c,15,Ac15,18,30,nonuvenile,non,epige,15/10/25,Noe
Ac16,A,c,16,Ac16,18,30,nonuvenile,non,epige,15/10/25,Noe
Ac17,A,c,17,Ac17,18,20,nonuvenile,non,epige,15/10/25,Noe
Ac18,A,c,18,Ac18,18,10,nonuvenile,non,endoge,15/10/25,Noe
Ba1,B,a,1,Ba1,58,150,nonuvenile,non,anecique_tete_rouge,15/10/25,Noe
BA2,B,a,2,Ba2,58,40,nonuvenile,non,endoge,15/10/25,Carole
Ba3,B,a,3,Ba3,58,200,ouiature,oui,anecique_tete_rouge,15/10/25,Noe
Ba4,B,a,4,Ba4,58,120,nonuvenile,non,anecique_tete_noire,15/10/25,Carole
Ba5,B,a,5,Ba5,58,120,nonuvenile,non,anecique_tete_rouge,15/10/25,Noe
Ba6,B,a,6,Ba6,58,140,ouiature,oui,anecique_tete_rouge,15/10/25,Noe
Ba7,B,a,7,Ba7,58,100,ouiature,oui,anecique_tete_noire,15/10/25,Noe
Ba8,B,a,8,Ba8,58,40,nonuvenile,non,endoge,15/10/25,Noe
Ba9,B,a,9,Ba9,58,50,ouiature,oui,endoge,15/10/25,Carole
Ba10,B,a,10,Ba10,58,40,ouiature,oui,endoge,15/10/25,Noe
Ba11,B,a,11,Ba11,58,90,ouiature,oui,anecique_tete_noire,15/10/25,Noe
Ba12,B,a,12,Ba12,58,90,nonuvenile,non,anecique_tete_rouge,15/10/25,Carole
Ba13,B,a,13,Ba13,58,90,nonuvenile,non,anecique_tete_noire,15/10/25,Noe
Ba14,B,a,14,Ba14,58,50,ouiature,oui,endoge,15/10/25,Noe
Ba15,B,a,15,Ba15,58,40,ouiature,oui,endoge,15/10/25,Noe
Ba16,B,a,16,Ba16,58,50,ouiature,oui,endoge,15/10/25,Noe
Ba17,B,a,17,Ba17,58,60,ouiature,oui,endoge,15/10/25,Noe
Ba18,B,a,18,Ba18,58,20,nonuvenile,non,epige,15/10/25,Carole
Ba19,B,a,19,Ba19,58,40,nonuvenile,non,endoge,15/10/25,Noe
Ba20,B,a,20,Ba20,58,30,nonuvenile,non,endoge,15/10/25,Noe
Ba21,B,a,21,Ba21,58,110,nonuvenile,non,anecique_tete_noire,15/10/25,Noe
Ba22,B,a,22,Ba22,58,50,ouiature,oui,endoge,15/10/25,Noe
Ba23,B,a,23,Ba23,58,80,nonuvenile,non,anecique_tete_noire,15/10/25,Noe
Ba24,B,a,24,Ba24,58,100,nonuvenile,non,anecique_tete_noire,15/10/25,Carole
Ba25,B,a,25,Ba25,58,20,nonuvenile,non,epige,15/10/25,Noe
Ba26,B,a,26,Ba26,58,30,nonuvenile,non,epige,15/10/25,Carole
Ba27,B,a,27,Ba27,58,40,nonuvenile,non,anecique_tete_noire,15/10/25,Noe
Ba28,B,a,28,Ba28,58,30,nonuvenile,non,epige,15/10/25,Noe
Ba29,B,a,29,Ba29,58,30,nonuvenile,non,epige,15/10/25,Noe
Ba30,B,a,30,Ba30,58,50,nonuvenile,non,endoge,15/10/25,Carole
Ba31,B,a,31,Ba31,58,20,nonuvenile,non,endoge,15/10/25,Noe
Ba32,B,a,32,Ba32,58,15,nonuvenile,non,epige,15/10/25,Noe
Ba33,B,a,33,Ba33,58,15,nonuvenile,non,endoge,15/10/25,Noe
Ba34,B,a,34,Ba34,58,15,nonuvenile,non,epige,15/10/25,Noe
Ba35,B,a,35,Ba35,58,15,nonuvenile,non,endoge,15/10/25,Noe
Bb1,B,b,1,Bb1,58,100,nonuvenile,non,anecique_tete_rouge,15/10/25,Noe
Bb2,B,b,2,Bb2,58,140,ouiature,oui,anecique_tete_rouge,15/10/25,Noe
Bb3,B,b,3,Bb3,58,100,nonuvenile,non,anecique_tete_rouge,15/10/25,Noe
Bb4,B,b,4,Bb4,58,100,ouiature,oui,anecique_tete_noire,15/10/25,Noe
Bb5,B,b,5,Bb5,58,120,ouiature,oui,anecique_tete_noire,15/10/25,Noe
Bb6,B,b,6,Bb6,58,130,ouiature,oui,anecique_tete_rouge,15/10/25,Carole
Bb7,B,b,7,Bb7,58,100,nonuvenile,non,anecique_tete_rouge,15/10/25,Noe
Bb8,B,b,8,Bb8,58,70,nonuvenile,non,anecique_tete_rouge,15/10/25,Carole
Bb9,B,b,9,Bb9,58,100,nonuvenile,non,anecique_tete_rouge,15/10/25,Noe
Bb10,B,b,10,Bb10,58,80,nonuvenile,non,anecique_tete_rouge,15/10/25,Noe
Bb11,B,b,11,Bb11,58,70,nonuvenile,non,anecique_tete_rouge,15/10/25,Noe
Bb12,B,b,12,Bb12,58,100,nonuevenile,non,anecique_tete_rouge,15/10/25,Noe
Bb13,B,b,13,Bb13,58,35,nonuvenile,non,endoge,15/10/25,Noe
Bb14,B,b,14,Bb14,58,90,nonuvenile,non,endoge,15/10/25,Carole
Bb15,B,b,15,Bb15,58,35,nonuvenile,non,endoge,15/10/25,Noe
Bb15,B,b,15,Bb15,58,30,nonuvenile,non,endoge,15/10/25,Noe
Bb16,B,b,16,Bb16,58,70,ouiature,oui,endoge,15/10/25,Noe
Bb17,B,b,17,Bb17,58,40,ouiature,oui,endoge,15/10/25,Carole
Bb18,B,b,18,Bb18,58,70,nonuvenile,non,anecique_tete_rouge,15/10/25,Noe
Bb19,B,b,19,Bb19,58,20,nonuvenile,non,endoge,15/10/25,Noe
Bb20,B,b,20,Bb20,58,70,nonuvenile,non,anecique_tete_rouge,15/10/25,Carole
Bb21,B,b,21,Bb21,58,60,nonuvenile,non,anecique_tete_noire,15/10/25,Noe
Bb22,B,b,22,Bb22,58,80,nonuvenile,non,anecique_tete_rouge,15/10/25,Carole
Bb23,B,b,23,Bb23,58,60,nonuvenile,non,anecique_tete_noire,15/10/25,Noe
Bb24,B,b,24,Bb24,58,60,nonuvenile,non,anecique_tete_rouge,15/10/25,Carole
Bb25,B,b,25,Bb25,58,30,nonuvenile,non,endoge,15/10/25,Noe
Bb26,B,b,26,Bb26,58,30,nonuvenile,non,epige,15/10/25,Noe
Bb27,B,b,27,Bb27,58,40,nonuvenile,non,epige,15/10/25,Carole
Bb28,B,b,28,Bb28,58,40,nonuvenile,non,epige,15/10/25,Carole
Bb29,B,b,29,Bb29,58,30,nonuvenile,non,epige,15/10/25,Carole
Bc1,B,c,1,Bc1,58,180,nonuvenile,non,anecique_tete_noire,15/10/25,Clara
BC2,B,c,2,Bc2,58,100,nonuv,non,anecique_tete_rouge,15/10/25,Carole
Bc3,B,c,3,Bc3,58,100,nonuvenile,non,anecique_tete_noire,15/10/25,Clara
BC4,B,c,4,Bc4,58,100,nonuvenile,non,endoge,15/10/25,Carole
Bc5,B,c,5,Bc5,58,100,ouiature,oui,anecique_tete_noire,15/10/25,Clara
Bc6,B,c,6,Bc6,58,30,nonuvenile,non,endoge,15/10/25,Carole
Bc7,B,c,7,Bc7,58,120,nonuvenile,non,anecique_tete_noire,15/10/25,Clara
Bc8,B,c,8,Bc8,58,100,nonuvenile,non,anecique_tete_rouge,15/10/25,Carole
Bc9,B,c,9,Bc9,58,50,nonuvenile,non,endoge,15/10/25,Clara
Bc10,B,c,10,Bc10,58,100,nonuvenile,non,anecique_tete_noire,15/10/25,Clara
Bc11,B,c,11,Bc11,58,50,nonuvenile,non,endoge,15/10/25,Clara
Bc12,B,c,12,Bc12,58,50,ouiature,oui,endoge,15/10/25,Carole
Bc13,B,c,13,Bc13,58,30,nonuvenile,non,endoge,15/10/25,Clara
Bc14,B,c,14,Bc14,58,70,nonuvenile,non,anecique_tete_rouge,15/10/25,Clara
Bc15,B,c,15,Bc15,58,30,nonuvenile,non,endoge,15/10/25,Carole
Bc16,B,c,16,Bc16,58,80,nonuvenile,non,endoge,15/10/25,Clara
Bc17,B,c,17,Bc17,58,100,nonuvenile,non,anecique_tete_rouge,15/10/25,Clara
Bc18,B,c,18,Bc18,58,60,nonuvenile,non,endoge,15/10/25,Clara
Bc19,B,c,19,Bc19,58,50,nonuvenile,non,endoge,15/10/25,Clara
Bc20,B,c,20,Bc20,58,100,ouiature,oui,anecique_tete_noire,15/10/25,Carole
Bc21,B,c,21,Bc21,58,60,nonuvenile,non,anecique_tete_rouge,15/10/25,Clara
Bc22,B,c,22,Bc22,58,60,nonuvenile,non,anecique_tete_noire,15/10/25,Clara
Bc23,B,c,23,Bc23,58,50,nonuvenile,non,endoge,15/10/25,Carole
Bc24,B,c,24,Bc24,58,90,nonuvenile,non,anecique_tete_rouge,15/10/25,Carole
Bc25,B,c,25,Bc25,58,100,nonuvenile,non,anecique_tete_rouge,15/10/25,Clara
Bc26,B,c,26,Bc26,58,90,nonuvenile,non,endoge,15/10/25,Carole
Bc27,B,c,27,Bc27,58,20,nonuvenile,non,epige,15/10/25,Clara
Bc28,B,c,28,Bc28,58,20,nonuvenile,non,epige,15/10/25,Clara
Bc29,B,c,29,Bc29,58,30,nonuvenile,non,epige,15/10/25,Carole
Bc30,B,c,30,Bc30,58,50,nonuvenile,non,endoge,15/10/25,Clara
Bc31,B,c,31,Bc31,58,30,nonuvenole,non,epige,15/10/25,Carole
Bc32,B,c,32,Bc32,58,50,nonuvenile,non,epige,15/10/25,Clara
Bc33,B,c,33,Bc33,58,40,nonuvenile,non,anecique_tete_rouge,15/10/25,Clara
Bc34,B,c,34,Bc34,58,30,nonuvenile,non,anecique_tete_rouge,15/10/25,Noe
Bc35,B,c,35,Bc35,58,50,nonuvenile,non,anecique_tete_rouge,15/10/25,Noe
Bc36,B,c,36,Bc36,58,40,nonuvenile,non,anecique_tete_rouge,15/10/25,Carole
Bc37,B,c,37,Bc37,58,20,ouiature,oui,anecique_tete_noire,15/10/25,Noe
Bc38,B,c,38,Bc38,58,20,nonuvenile,non,endoge,15/10/25,Carole
Bc39,B,c,39,Bc39,58,10,nonuvenile,non,endoge,15/10/25,Noe
Ca1,C,a,1,Ca1,115,120,ouiature,oui,anecique_tete_rouge,15/10/25,Noe
Ca2,C,a,2,Ca2,115,80,ouiature,oui,anecique_tete_noire,15/10/25,Noe
Ca3,C,a,3,Ca3,115,70,ouiature,oui,anecique_tete_noire,15/10/25,Noe
Ca4,C,a,4,Ca4,115,90,nonuvenile,non,anecique_tete_noire,15/10/25,Noe
Ca5,C,a,5,Ca5,115,90,ouiature,oui,anecique_tete_noire,15/10/25,Noe
Ca6,C,a,6,Ca6,115,25,nonuvenile,non,endoge,15/10/25,Noe
Ca7,C,a,7,Ca7,115,70,nonuvenile,non,anecique_tete_noire,15/10/25,Noe
Ca8,C,a,8,Ca8,115,120,nonuvenile,non,anecique_tete_noire,15/10/25,Carole
Ca9,C,a,9,Ca9,115,100,nonuvenile,non,anecique_tete_rouge,15/10/25,Noe
Ca10,C,a,10,Ca10,115,20,nonuvenile,non,endoge,15/10/25,Noe
Ca11,C,a,11,Ca11,115,100,ouiature,oui,anecique_tete_noire,15/10/25,Noe
Ca12,C,a,12,Ca12,115,90,nonuvenile,non,anecique_tete_rouge,15/10/25,Noe
Ca13,C,a,13,Ca13,115,40,ouiatrue,oui,epige,15/10/25,Carole
Ca14,C,a,14,Ca14,115,80,nonuvenile,non,anecique_tete_noire,15/10/25,Noe
Ca15,C,a,15,Ca15,115,100,nonuvenile,non,anecique_tete_noire,15/10/25,Carole
Ca16,C,a,16,Ca16,115,30,nonuvenile,non,endoge,15/10/25,Noe
Ca17,C,a,17,Ca17,115,30,nonuvenile,non,epige,15/10/25,Noe
Ca18,C,a,18,Ca18,115,40,nonuvenile,non,anecique_tete_noire,15/10/25,Carole
Ca19,C,a,19,Ca19,115,40,nonuvenile,non,endoge,15/10/25,Carole
Ca20,C,a,20,Ca20,115,70,nonuvenile,non,epige,15/10/25,Noe
Ca21,C,a,21,Ca21,115,40,nonuvenile,non,epige,15/10/25,Noe
Ca22,C,a,22,Ca22,115,40,nonuvenile,non,epige,15/10/25,Carole
Ca23,C,a,23,Ca23,115,50,nonuvenile,non,endoge,15/10/25,Carole
Ca24,C,a,24,Ca24,115,30,nonuvenile,non,endoge,15/10/25,Noe
Ca25,C,a,25,Ca25,115,40,nonuvenile,non,epige,15/10/25,Noe
Ca26,C,a,26,Ca26,115,40,nonuvenile,non,endoge,15/10/25,Carole
Ca27,C,a,27,Ca27,115,30,nonuvenile,non,epige,15/10/25,Noe
Ca28,C,a,28,Ca28,115,30,nonuvenile,non,endoge,15/10/25,Noe
Ca29,C,a,29,Ca29,115,50,nonuvenile,non,anecique_tete_rouge,15/10/25,Carole
Ca30,C,a,30,Ca30,115,30,nonuvenile,non,endoge,15/10/25,Noe
Ca31,C,a,31,Ca31,115,20,nonuvenile,non,epige,15/10/25,Noe
Ca32,C,a,32,Ca32,115,30,nonuvenile,non,endoge,15/10/25,Carole
Ca33,C,a,33,Ca33,115,20,nonuvenile,non,endoge,15/10/25,Noe
Ca34,C,a,34,Ca34,115,40,ouiature,oui,endoge,15/10/25,Noe
Ca35,C,a,35,Ca35,115,30,nonuvenile,non,endoge,15/10/25,Noe
Ca36,C,a,36,Ca36,115,20,nonuvenile,non,epige,15/10/25,Noe
Ca37,C,a,37,Ca37,115,30,nonuvenile,non,endoge,15/10/25,Noe
Ca38,C,a,38,Ca38,115,20,nonuvenile,non,endoge,15/10/25,Carole
Ca39,C,a,39,Ca39,115,20,nonuvenile,non,epige,15/10/25,Noe
Ca40,C,a,40,Ca40,115,30,nonuvenile,non,epige,15/10/25,Noe
Ca41,C,a,41,Ca41,115,30,nonuvenile,non,endoge,15/10/25,Carole
Ca42,C,a,42,Ca42,115,30,nonuvenile,non,endoge,15/10/25,Carole
Ca43,C,a,43,Ca43,115,30,nonuvenile,non,endoge,15/10/25,Carole
Cb1,C,b,1,Cb1,115,100,nonuvenile,non,anecique_tete_noire,15/10/25,Noe
Cb2,C,b,2,Cb2,115,100,nonuvenile,non,anecique_tete_noire,15/10/25,Noe
Cb2,C,b,2,Cb2,115,120,nonuvenile,non,anecique_tete_noire,15/10/25,Carole
Cb3,C,b,3,Cb3,115,120,ouiature,oui,anecique_tete_rouge,15/10/25,Noe
Cb4,C,b,4,Cb4,115,70,nonuvenile,non,ind,15/10/25,Noe
Cb5,C,b,5,Cb5,115,40,nonuvenile,non,endoge,15/10/25,Carole
Cb6,C,b,6,Cb6,115,30,nonuvenile,non,epige,15/10/25,Noe
Cb7,C,b,7,Cb7,115,40,nonuvenile,non,endoge,15/10/25,Noe
Cb8,C,b,8,Cb8,115,40,ouiature,oui,endoge,15/10/25,Noe
Cb9,C,b,9,Cb9,115,50,ouiature,oui,endoge,15/10/25,Carole
Cb10,C,b,10,Cb10,115,40,ouiature,oui,endoge,15/10/25,Noe
Cb11,C,b,11,Cb11,115,50,nonuvenile,non,endoge,15/10/25,Noe
Cb12,C,b,12,Cb12,115,80,ouiature,oui,anecique_tete_noire,15/10/25,Noe
Cb13,C,b,13,Cb13,115,30,nonuvenile,non,endoge,15/10/25,Noe
Cb14,C,b,14,Cb14,115,40,nonuvenile,non,endoge,15/10/25,Carole
Cb15,C,b,15,Cb15,115,40,nonuvenile,non,epige,15/10/25,Noe
Cb16,C,b,16,Cb16,115,20,nonuvenile,non,epige,15/10/25,Carole
Cb17,C,b,17,Cb17,115,50,ouiature,oui,endoge,15/10/25,Noe
Cb18,C,b,18,Cb18,115,40,nonuvenile,non,epige,15/10/25,Noe
Cb19,C,b,19,Cb19,115,40,nonuvenile,non,endoge,15/10/25,Carole
Cb20,C,b,20,Cb20,115,40,nonuvenile,non,epige,15/10/25,Noe
Cb21,C,b,21,Cb21,115,50,ouiature,oui,endoge,15/10/25,Noe
Cb22,C,b,22,Cb22,115,30,nonuvenile,non,endoge,15/10/25,Carole
Cb23,C,b,23,Cb23,115,40,nonuvenile,non,endoge,15/10/25,Noe
Cb24,C,b,24,Cb24,115,30,nonuvenile,non,endoge,15/10/25,Noe
Cb25,C,b,25,Cb25,115,50,nonuvenile,non,endoge,15/10/25,Noe
Cb26,C,b,26,Cb26,115,20,nonuvenile,non,endoge,15/10/25,Carole
Cb28,C,b,28,Cb28,115,40,nonuvenile,non,epige,15/10/25,Noe
Cb29,C,b,29,Cb29,115,30,nonuvenile,non,endoge,15/10/25,Carole
Cb30,C,b,30,Cb30,115,10,nonuvenile,non,endoge,15/10/25,Noe
Cb31,C,b,31,Cb31,115,30,nonuvenile,non,epige,15/10/25,Noe
Cb32,C,b,32,Cb32,115,30,ouiature,oui,endoge,15/10/25,Noe
Cb33,C,b,33,Cb33,115,30,nonuvenile,non,epige,15/10/25,Carole
Cb34,C,b,34,Cb34,115,30,nonuvenile,non,endoge,15/10/25,Noe
Cb35,C,b,35,Cb35,115,30,nonuvenile,non,epige,15/10/25,Noe
Cb36,C,b,36,Cb36,115,20,nonuvenile,non,anecique_tete_noire,15/10/25,Carole
Cb37,C,b,37,Cb37,115,30,nonuvenile,non,epige,15/10/25,Noe
Cb38,C,b,38,Cb38,115,30,nonuvenile,non,endoge,15/10/25,Noe
Cb39,C,b,39,Cb39,115,30,nonuvenile,non,endoge,15/10/25,Noe
Cb40,C,b,40,Cb40,115,35,nonuvenile,non,epige,15/10/25,Noe
Cb41,C,b,41,Cb41,115,10,nonuvenile,non,epige,15/10/25,Noe
Cb42,C,b,42,Cb42,115,10,nonuvenile,non,epige,15/10/25,Carole
Cb43,C,b,43,Cb43,115,30,nonuvenile,non,endoge,15/10/25,Noe
Cb44,C,b,44,Cb44,115,20,nonuvenile,non,endoge,15/10/25,Noe
Cb45,C,b,45,Cb45,115,20,nonuvenile,non,epige,15/10/25,Noe
Cb45,C,b,45,Cb45,115,20,nonuvenile,non,epige,15/10/25,Noe
Cb46,C,b,46,Cb46,115,20,nonuvenile,non,epige,15/10/25,Carole
Cb47,C,b,47,Cb47,115,30,nonuvenile,non,epige,15/10/25,Noe
Cb48,C,b,48,Cb48,115,30,nonuvenile,non,endoge,15/10/25,Noe
Cb49,C,b,49,Cb49,115,35,nonuvenile ,non,endoge,15/10/25,Noe
Cb50,C,b,50,Cb50,115,30,nonuvenile,non,endoge,15/10/25,Noe
Cb51,C,b,51,Cb51,115,20,nonuvenile,non,endoge,15/10/25,Noe
Cb52,C,b,52,Cb52,115,10,nonuvenile,non,endoge,15/10/25,Noe
Cb53,C,b,53,Cb53,115,20,nonuvenile,non,epige,15/10/25,Noe
Cb54,C,b,54,Cb54,115,10,nonuvenile,non,ind,15/10/25,Noe
Cb55,C,b,55,Cb55,115,20,nonuvenile,non,endoge,15/10/25,Carole
Cb56,C,b,56,Cb56,115,20,nonuvenile,non,endoge,15/10/25,Carole
Cb57,C,b,57,Cb57,115,20,nonuvenile,non,endoge,15/10/25,Carole
Cc1,C,c,1,Cc1,115,10,nonuvenile,non,anecique_tete_noire,15/10/25,Noe
Cc2,C,c,2,Cc2,115,90,ouiature,oui,anecique_tete_noire,15/10/25,Noe
Cc3,C,c,3,Cc3,115,60,nonuvenile,non,endoge,15/10/25,Carole
Cc4,C,c,4,Cc4,115,70,nonuvenile,non,anecique_tete_rouge,15/10/25,Noe
Cc5,C,c,5,Cc5,115,100,nonuvenile,non,anecique_tete_noire,15/10/25,Noe
Cc6,C,c,6,Cc6,115,70,nonuvenile,non,anecique_tete_noire,15/10/25,Noe
Cc7,C,c,7,Cc7,115,120,nonuvenile,non,anecique_tete_rouge,15/10/25,Carole
Cc8,C,c,8,Cc8,115,110,ouiature,oui,anecique_tete_noire,15/10/25,Noe
Cc9,C,c,9,Cc9,115,100,nonuvenile,non,anecique_tete_rouge,15/10/25,Noe
Cc10,C,c,10,Cc10,115,90,nonuvenile,non,anecique_tete_noire,15/10/25,Carole
Cc11,C,c,11,Cc11,115,120,ouiature,oui,anecique_tete_noire,15/10/25,Noe
Cc12,C,c,12,Cc12,115,110,nonuvenile,non,anecique_tete_noire,15/10/25,Noe
Cc13,C,c,13,Cc13,115,90,nonuvenile,non,anecique_tete_noire,15/10/25,Noe
Cc14,C,c,14,Cc14,115,50,nonuvenile,non,endoge,15/10/25,Carole
Cc15,C,c,15,Cc15,115,90,nonuvenile,non,anecique_tete_noire,15/10/25,Noe
Cc16,C,c,16,Cc16,115,110,ouiature,oui,anecique_tete_noire,15/10/25,Noe
Cc17,C,c,17,Cc17,115,60,nonuvenile,non,anecique_tete_noire,15/10/25,Noe
Cc18,C,c,18,Cc18,115,60,nonuvenile,non,anecique_tete_noire,15/10/25,Noe
Cc19,C,c,19,Cc19,115,40,nonuvenile,non,endoge,15/10/25,Noe
Cc20,C,c,20,Cc20,115,40,nonuvenile,non,epige,15/10/25,Noe
Cc21,C,c,21,Cc21,115,60,nonuvenile,non,anecique_tete_noire,15/10/25,Noe
Cc22,C,c,22,Cc22,115,60,nonuvenile,non,epige,15/10/25,Noe
Cc23,C,c,23,Cc23,115,30,ouiature,oui,endoge,15/10/25,Noe
Cc24,C,c,24,Cc24,115,40,nonuvenile,non,epige,15/10/25,Noe
Cc25,C,c,25,Cc25,115,50,nonuvenile,non,anecique_tete_noire,15/10/25,Carole
Cc26,C,c,26,Cc26,115,30,nonuvenile,non,endoge,15/10/25,Carole
Cc27,C,c,27,Cc27,115,50,nonuvenile,non,endoge,15/10/25,Carole
Cc28,C,c,28,Cc28,115,20,nonuvenile,non,endoge,15/10/25,Carole
Cc29,C,c,29,Cc29,115,50,nonuvenile,non,endoge,15/10/25,Carole
Cc30,C,c,30,Cc30,115,20,nonuvenile,non,epige,15/10/25,Carole
Cc31,C,c,31,Cc31,115,30,nonuvenile,non,endoge,15/10/25,Carole
Cc32,C,c,32,Cc32,115,20,nonuvenile,non,epige,15/10/25,Noe
Cc33,C,c,33,Cc33,115,30,nonuvenile,non,endoge,15/10/25,Noe
Cc34,C,c,34,Cc34,115,10,nonuvenile,non,endoge,15/10/25,Noe
Cc35,C,c,35,Cc35,115,20,nonuvenile,non,epige,15/10/25,Carole
Da1,D,a,1,Da1,174,90,nonuvenile,non,anecique_tete_rouge,16/10/25,Noe
Da2,D,a,2,Da2,174,100,nonuvenile,non,anecique_tete_rouge,16/10/25,Noe
Da3,D,a,3,Da3,174,70,nonuvenile,non,anecique_tete_noire,16/10/25,Noe
Da4,D,a,4,Da4,174,40,nonuvenile,non,anecique_tete_noire,16/10/25,Noe
Da5,D,a,5,Da5,174,120,ouiature,oui,anecique_tete_rouge,16/10/25,Noe
Da6,D,a,6,Da6,174,60,nonuvenile,non,anecique_tete_rouge,16/10/25,Carole
Da7,D,a,7,Da7,174,100,ouiature,oui,anecique_tete_rouge,16/10/25,Carole
Da8,D,a,8,Da8,174,60,nonuvenile,non,anecique_tete_rouge,16/10/25,Noe
Da9,D,a,9,Da9,174,90,nonuvenile,non,anecique_tete_noire,16/10/25,Noe
Da10,D,a,10,Da10,174,80,nonuvenile,non,anecique_tete_rouge,16/10/25,Noe
Da11,D,a,11,Da11,174,90,nonuvenile,non,anecique_tete_noire,16/10/25,Noe
Da12,D,a,12,Da12,174,110,ouiature,oui,anecique_tete_noire,16/10/25,Noe
Da13,D,a,13,Da13,174,80,nonuvenile,non,anecique_tete_noire,16/10/25,Noe
Da14,D,a,14,Da14,174,110,nonuvenile,non,anecique_tete_rouge,16/10/25,Noe
Da15,D,a,15,Da15,174,80,ouiature,oui,anecique_tete_noire,16/10/25,Noe
Da16,D,a,16,Da16,174,90,nonuvenile,non,anecique_tete_rouge,16/10/25,Noe
Da17,D,a,17,Da17,174,90,nonuvenile,non,anecique_tete_rouge,16/10/25,Noe
Da18,D,a,18,Da18,174,90,nonuvenile,non,anecique_tete_noire,16/10/25,Noe
Da19,D,a,19,Da19,174,80,nonuvenile,non,anecique_tete_noire,16/10/25,Noe
Da20,D,a,20,Da20,174,150,nonuvenile,non,anecique_tete_noire,16/10/25,Noe
Da21,D,a,21,Da21,174,80,ouiature,oui,anecique_tete_rouge,16/10/25,Noe
Da22,D,a,22,Da22,174,110,ouiature,oui,anecique_tete_rouge,16/10/25,Carole
Da23,D,a,23,Da23,174,110,nonuvenile,non,anecique_tete_noire,16/10/25,Carole
Da24,D,a,24,Da24,174,100,nonuvenile,non,anecique_tete_rouge,16/10/25,Carole
Da25,D,a,25,Da25,174,100,nonuvenile,non,anecique_tete_rouge,16/10/25,Carole
Da26,D,a,26,Da26,174,80,nonuvenile,non,anecique_tete_rouge,16/10/25,Carole
Da27,D,a,27,Da27,174,120,nonuvenile,non,anecique_tete_noire,16/10/25,Carole
Da28,D,a,28,Da28,174,50,nonuvenile,non,anecique_tete_rouge,16/10/25,Carole
Da29,D,a,29,Da29,174,100,nonuvenile,non,anecique_tete_noire,16/10/25,Carole
Da30,D,a,30,Da30,174,100,nonuvenile,non,anecique_tete_noire,16/10/25,Carole
Da31,D,a,31,Da31,174,130,nonuvenile,non,anecique_tete_noire,16/10/25,Carole
Da32,D,a,32,Da32,174,150,ouiature,oui,anecique_tete_noire,16/10/25,Carole
Da33,D,a,33,Da33,174,20,nonuvenile,non,epige,16/10/25,Carole
Da34,D,a,34,Da34,174,100,nonuvenile,non,anecique_tete_noire,16/10/25,Noe
Da35,D,a,35,Da35,174,90,nonuvenile,non,anecique_tete_rouge,16/10/25,Noe
Da36,D,a,36,Da36,174,130,nonuvenile,non,anecique_tete_noire,16/10/25,Noe
Da37,D,a,37,Da37,174,80,nonuvenile,non,anecique_tete_noire,16/10/25,Noe
Da38,D,a,38,Da38,174,100,ouiature,oui,anecique_tete_noire,16/10/25,Noe
Da39,D,a,39,Da39,174,80,nonuvenile,non,anecique_tete_rouge,16/10/25,Noe
Da40,D,a,40,Da40,174,60,nonuvenile,non,anecique_tete_noire,16/10/25,Noe
Da41,D,a,41,Da41,174,40,nonuvenile,non,endoge,16/10/25,Noe
Da42,D,a,42,Da42,174,70,ouiature,oui,anecique_tete_noire,16/10/25,Noe
Da43,D,a,43,Da43,174,80,nonuvenile,non,anecique_tete_noire,16/10/25,Noe
Da44,D,a,44,Da44,174,70,nonuvenile,non,anecique_tete_rouge,16/10/25,Noe
Da45,D,a,45,Da45,174,110,ouiature,oui,anecique_tete_noire,16/10/25,Noe
Da46,D,a,46,Da46,174,50,nonuvenile,non,epige,16/10/25,Noe
Da47,D,a,47,Da47,174,50,nonuvenile,non,endoge,16/10/25,Noe
Da48,D,a,48,Da48,174,50,nonuvenile,non,anecique_tete_noire,16/10/25,Noe
Da49,D,a,49,Da49,174,80,ouiature,oui,anecique_tete_rouge,16/10/25,Noe
Da50,D,a,50,Da50,174,100,nonuvenile,non,anecique_tete_noire,16/10/25,Noe
Da51,D,a,51,Da51,174,90,nonuvenile,non,anecique_tete_rouge,16/10/25,Noe
Da52,D,a,52,Da52,174,80,nonuvenile,non,anecique_tete_rouge,16/10/25,Noe
Da53,D,a,53,Da53,174,120,nonuvenile,non,anecique_tete_noire,16/10/25,Noe
Da54,D,a,54,Da54,174,90,nonuvenile,non,anecique_tete_noire,16/10/25,Noe
Da55,D,a,55,Da55,174,20,nonuvenile,non,endoge,16/10/25,Noe
Da56,D,a,56,Da56,174,60,nonuvenile,non,anecique_tete_rouge,16/10/25,Noe
Da57,D,a,57,Da57,174,50,nonuvenile,non,anecique_tete_rouge,16/10/25,Carole
Da58,D,a,58,Da58,174,30,nonuvenile,non,anecique_tete_rouge,16/10/25,Carole
Da59,D,a,59,Da59,174,50,nonuvenile,non,anecique_tete_rouge,16/10/25,Carole
Da60,D,a,60,Da60,174,80,ouiature,oui,anecique_tete_rouge,16/10/25,Noe
Da61,D,a,61,Da61,174,60,nonuvenile,non,anecique_tete_rouge,16/10/25,Noe
Da62,D,a,62,Da62,174,20,nonuvenile,non,endoge,16/10/25,Noe
Da63,D,a,63,Da63,174,10,nonuvenile,non,endoge,16/10/25,Noe
Da64,D,a,64,Da64,174,20,nonuvenile,non,epige,16/10/25,Noe
Da65,D,a,65,Da65,174,30,nonuvenile,non,epige,16/10/25,Noe
Da66,D,a,66,Da66,174,30,nonuvenile,non,epige,16/10/25,Noe
Da67,D,a,67,Da67,174,10,nonuvenile,non,epige,16/10/25,Noe
Da68,D,a,68,Da68,174,10,nonuvenile,non,epige,16/10/25,Noe
Da69,D,a,69,Da69,174,20,nonuvenile,non,epige,16/10/25,Noe
Db1,D,b,1,Db1,174,50,ouiature,oui,endoge,16/10/25,Carole
Db2,D,b,2,Db2,174,50,ouiature,oui,anecique_tete_rouge,16/10/25,Carole
Db3,D,b,3,Db3,174,100,nonuvenile,non,anecique_tete_noire,16/10/25,Carole
Db4,D,b,4,Db4,174,30,nonuvenile,non,anecique_tete_rouge,16/10/25,Carole
Db5,D,b,5,Db5,174,40,nonuvenile,non,epige,16/10/25,Carole
Db6,D,b,6,Db6,174,50,nonuvenile,non,anecique_tete_rouge,16/10/25,Carole
Db7,D,b,7,Db7,174,20,nonuvenile,non,endoge,16/10/25,Carole
Db8,D,b,8,Db8,174,70,nonuvenile,non,anecique_tete_noire,16/10/25,Noe
Db9,D,b,9,Db9,174,70,ouiature,oui,anecique_tete_noire,16/10/25,Noe
Db10,D,b,10,Db10,174,110,nonuvenile,non,anecique_tete_noire,16/10/25,Noe
Db11,D,b,11,Db11,174,90,ouiature,oui,anecique_tete_noire,16/10/25,Noe
Db12,D,b,12,Db12,174,130,nonuvenile,non,anecique_tete_noire,16/10/25,Noe
Db13,D,b,13,Db13,174,50,nonuvenile,non,anecique_tete_rouge,16/10/25,Noe
Db14,D,b,14,Db14,174,80,nonuvenile,non,anecique_tete_rouge,16/10/25,Noe
Db15,D,b,15,Db15,174,50,nonuvenile,non,anecique_tete_noire,16/10/25,Noe
Db16,D,b,16,Db16,174,50,nonuvenile,non,anecique_tete_noire,16/10/25,Noe
Db17,D,b,17,Db17,174,60,ouiature,oui,anecique_tete_noire,16/10/25,Noe
Db18,D,b,18,Db18,174,50,nonuvenile,non,anecique_tete_rouge,16/10/25,Noe
Db19,D,b,19,Db19,174,80,nonuvenile,non,anecique_tete_rouge,16/10/25,Noe
Db20,D,b,20,Db20,174,90,nonuvenile,non,anecique_tete_noire,16/10/25,Noe
Db21,D,b,21,Db21,174,20,nonuvenile,non,epige,16/10/25,Noe
Db22,D,b,22,Db22,174,60,nonuvenile,non,anecique_tete_rouge,16/10/25,Noe
Db23,D,b,23,Db23,174,50,nonuvenile,non,anecique_tete_rouge,16/10/25,Noe
Db24,D,b,24,Db24,174,90,nonouiature,non,anecique_tete_noire,16/10/25,Noe
Db25,D,b,25,Db25,174,60,nonuvenile,non,endoge,16/10/25,Noe
Db26,D,b,26,Db26,174,30,nonuvenile,non,endoge,16/10/25,Noe
Db27,D,b,27,Db27,174,30,nonuvenile,non,endoge,16/10/25,Noe
Db28,D,b,28,Db28,174,30,nonuvenile,non,epige,16/10/25,Noe
Db29,D,b,29,Db29,174,20,nonuvenile,non,endoge,16/10/25,Noe
Db30,D,b,30,Db30,174,40,nonuvenile,non,anecique_tete_noire,16/10/25,Noe
Db31,D,b,31,Db31,174,10,nonuvenile,non,endoge,16/10/25,Noe
Db32,D,b,32,Db32,174,40,nonuvenile,non,epige,16/10/25,Noe
Db33,D,b,33,Db33,174,30,nonuvenile,non,endoge,16/10/25,Noe
Db34,D,b,34,Db34,174,30,nonuvenile,non,epige,16/10/25,Noe
Db35,D,b,35,Db35,174,40,nonuvenile,non,endoge,16/10/25,Noe
Db36,D,b,36,Db36,174,10,nonuvenile,non,epige,16/10/25,Noe
Db37,D,b,37,Db37,174,40,nonuvenile,non,epige,16/10/25,Noe
Db38,D,b,38,Db38,174,20,nonuvenile,non,epige,16/10/25,Noe
Db39,D,b,39,Db39,174,20,nonuvenile,non,endoge,16/10/25,Noe
Db40,D,b,40,Db40,174,10,nonuvenile,non,endoge,16/10/25,Noe
Db41,D,b,41,Db41,174,20,nonuvenile,non,endoge,16/10/25,Noe
Dc1,D,c,1,Dc1,174,60,nonuvenile,non,endoge,16/10/25,Noe
Dc2,D,c,2,Dc2,174,100,ouiature,oui,anecique_tete_rouge,16/10/25,Noe
Dc3,D,c,3,Dc3,174,100,ouiature,oui,anecique_tete_rouge,16/10/25,Noe
Dc4,D,c,4,Dc4,174,90,nonuvenile,non,anecique_tete_rouge,16/10/25,Noe
Dc5,D,c,5,Dc5,174,120,ouiature,oui,anecique_tete_noire,16/10/25,Noe
Dc6,D,c,6,Dc6,174,110,nonuvenile,non,anecique_tete_noire,16/10/25,Noe
Dc7,D,c,7,Dc7,174,100,nonuvenile,non,anecique_tete_rouge,16/10/25,Noe
Dc8,D,c,8,Dc8,174,110,ouiature,oui,endoge,16/10/25,Noe
Dc9,D,c,9,Dc9,174,90,nonuvenile,non,anecique_tete_noire,16/10/25,Noe
Dc10,D,c,10,Dc10,174,90,nonuvenile,non,anecique_tete_noire,16/10/25,Noe
Dc11,D,c,11,Dc11,174,80,nonuvenile,non,anecique_tete_rouge,16/10/25,Noe
Dc12,D,c,12,Dc12,174,90,nonuvenile,non,anecique_tete_noire,16/10/25,Noe
Dc13,D,c,13,Dc13,174,110,nonuvenile,non,anecique_tete_noire,16/10/25,Carole
Dc14,D,c,14,Dc14,174,120,nonuvenile,non,anecique_tete_noire,16/10/25,Carole
Dc15,D,c,15,Dc15,174,40,nonuvenile,non,endoge,16/10/25,Carole
Dc16,D,c,16,Dc16,174,110,ouiature,oui,anecique_tete_rouge,16/10/25,Carole
Dc17,D,c,17,Dc17,174,30,nonuvenile,non,endoge,16/10/25,Carole
Dc18,D,c,18,Dc18,174,90,nonuvenile,non,anecique_tete_noire,16/10/25,Carole
Dc19,D,c,19,Dc19,174,50,nonuvenile,non,endoge,16/10/25,Carole
Dc20,D,c,20,Dc20,174,100,nonuvenile,non,anecique_tete_rouge,16/10/25,Carole
Dc21,D,c,21,Dc21,174,40,nonuvenile,non,endoge,16/10/25,Carole
Dc22,D,c,22,Dc22,174,70,nonuvenile,non,anecique_tete_rouge,16/10/25,Noe
Dc23,D,c,23,Dc23,174,180,nonuvenile,non,anecique_tete_noire,16/10/25,Noe
Dc24,D,c,24,Dc24,174,40,nonuvenile,non,endoge,16/10/25,Noe
Dc25,D,c,25,Dc25,174,60,nonuvenile,non,anecique_tete_noire,16/10/25,Noe
Dc26,D,c,26,Dc26,174,110,ouiature,oui,anecique_tete_noire,16/10/25,Noe
Dc27,D,c,27,Dc27,174,90,nonuvenile,non,anecique_tete_rouge,16/10/25,Noe
Dc28,D,c,28,Dc28,174,110,nonuvenile,non,anecique_tete_noire,16/10/25,Noe
Dc29,D,c,29,Dc29,174,70,nonuvenile,non,anecique_tete_rouge,16/10/25,Noe
Dc30,D,c,30,Dc30,174,80,ouiature,oui,anecique_tete_noire,16/10/25,Noe
Dc31,D,c,31,Dc31,174,100,nonuvenile,non,anecique_tete_noire,16/10/25,Noe
Dc32,D,c,32,Dc32,174,70,nonuvenile,non,anecique_tete_rouge,16/10/25,Noe
Dc33,D,c,33,Dc33,174,70,nonuvenile,non,anecique_tete_noire,16/10/25,Noe
Dc34,D,c,34,Dc34,174,90,nonuvenile,non,endoge,16/10/25,Carole
Dc35,D,c,35,Dc35,174,50,nonuvenile,non,endoge,16/10/25,Carole
Dc36,D,c,36,Dc36,174,50,nonuvenile,non,endoge,16/10/25,Carole
Dc37,D,c,37,Dc37,174,60,ouiature,oui,endoge,16/10/25,Carole
Dc38,D,c,38,Dc38,174,40,nonuvenile,non,endoge,16/10/25,Carole
Dc39,D,c,39,Dc39,174,70,nonuvenile,non,anecique_tete_rouge,16/10/25,Carole
Dc40,D,c,40,Dc40,174,80,nonuvenile,non,anecique_tete_rouge,16/10/25,Noe
Dc41,D,c,41,Dc41,174,30,nonuvenile,non,epige,16/10/25,Noe
Dc42,D,c,42,Dc42,174,50,nonuvenile,non,anecique_tete_noire,16/10/25,Noe
Dc43,D,c,43,Dc43,174,70,nonuvenile,non,anecique_tete_rouge,16/10/25,Noe
Dc44,D,c,44,Dc44,174,80,nonuvenile,non,anecique_tete_noire,16/10/25,Noe
Dc45,D,c,45,Dc45,174,110,nonuvenile,non,anecique_tete_noire,16/10/25,Noe
Dc46,D,c,46,Dc46,174,80,nonuvenile,non,anecique_tete_rouge,16/10/25,Noe
Dc47,D,c,47,Dc47,174,30,nonuvenile,non,epige,16/10/25,Noe
Dc48,D,c,48,Dc48,174,50,nonuvenile,non,endoge,16/10/25,Noe
Dc49,D,c,49,Dc49,174,50,nonuvenile,non,anecique_tete_noire,16/10/25,Noe
Dc50,D,c,50,Dc50,174,70,ouiature,oui,endoge,16/10/25,Noe
Dc51,D,c,51,Dc51,174,50,nonuvenile,non,endoge,16/10/25,Noe
Dc52,D,c,52,Dc52,174,50,nonuvenile,non,anecique_tete_noire,16/10/25,Noe
Dc53,D,c,53,Dc53,174,30,ouiature,oui,endoge,16/10/25,Noe
Dc54,D,c,54,Dc54,174,40,nonuvenile,non,epige,16/10/25,Noe
Dc55,D,c,55,Dc55,174,80,nonuvenile,non,anecique_tete_noire,16/10/25,Noe
Dc56,D,c,56,Dc56,174,110,nonuvenile,non,anecique_tete_noire,16/10/25,Noe
Dc57,D,c,57,Dc57,174,100,nonuvenile,non,anecique_tete_rouge,16/10/25,Noe
Dc58,D,c,58,Dc58,174,70,nonuvenile,non,anecique_tete_rouge,16/10/25,Noe
Dc59,D,c,59,Dc59,174,50,nonuvenile,non,endoge,16/10/25,Noe
Dc60,D,c,60,Dc60,174,40,nonuvenile,non,endoge,16/10/25,Noe
Dc61,D,c,61,Dc61,174,20,nonuvenile,non,epige,16/10/25,Noe
Dc62,D,c,62,Dc62,174,20,nonuvenile,non,epige,16/10/25,Noe
Dc63,D,c,63,Dc63,174,50,nonuvenile,non,epige,16/10/25,Noe
Dc64,D,c,64,Dc64,174,40,nonuvenile,non,endoge,16/10/25,Noe
Dc65,D,c,65,Dc65,174,50,nonuvenile,non,endoge,16/10/25,Noe
Dc66,D,c,66,Dc66,174,30,nonuvenile,non,endoge,16/10/25,Noe
Dc67,D,c,67,Dc67,174,50,nonuvenile,non,endoge,16/10/25,Noe
Dc68,D,c,68,Dc68,174,90,ouiature,oui,anecique_tete_noire,16/10/25,Noe
Dc69,D,c,69,Dc69,174,100,ouiature,oui,anecique_tete_noire,16/10/25,Noe
Dc70,D,c,70,Dc70,174,60,nonuvenile,non,endoge,16/10/25,Noe
Dc71,D,c,71,Dc71,174,30,nonuvenile,non,endoge,16/10/25,Carole
Dc72,D,c,72,Dc72,174,40,nonuvenile,non,anecique_tete_rouge,16/10/25,Carole
Dc73,D,c,73,Dc73,174,50,nonuvenile,non,endoge,16/10/25,Carole
Dc74,D,c,74,Dc74,174,40,nonuvenile,non,epige,16/10/25,Carole
Dc75,D,c,75,Dc75,174,30,nonuvenile,non,endoge,16/10/25,Carole
Dc76,D,c,76,Dc76,174,80,nonuvenile,non,anecique_tete_noire,16/10/25,Carole
Dc77,D,c,77,Dc77,174,30,nonuvenile,non,endoge,16/10/25,Carole
Dc78,D,c,78,Dc78,174,40,nonuvenile,non,anecique_tete_rouge,16/10/25,Carole
Dc79,D,c,79,Dc79,174,30,nonuvenile,non,epige,16/10/25,Carole
Dc80,D,c,80,Dc80,174,20,nonuvenile,non,endoge,16/10/25,Carole
Dc81,D,c,81,Dc81,174,50,nonuvenile,non,endoge,16/10/25,Noe
Dc82,D,c,82,Dc82,174,50,nonuvenile,non,endoge,16/10/25,Noe
Dc83,D,c,83,Dc83,174,20,nonuvenile,non,epige,16/10/25,Noe
Dc84,D,c,84,Dc84,174,60,nonuvenile,non,anecique_tete_noire,16/10/25,Noe
Dc85,D,c,85,Dc85,174,40,nonuvenile,non,endoge,16/10/25,Noe
Dc86,D,c,86,Dc86,174,80,nonuvenile,non,anecique_tete_noire,16/10/25,Noe
Dc87,D,c,87,Dc87,174,70,nonuvenile,non,anecique_tete_rouge,16/10/25,Noe
Dc88,D,c,88,Dc88,174,50,nonuvenile,non,anecique_tete_rouge,16/10/25,Noe
Dc89,D,c,89,Dc89,174,50,nonuvenile,non,anecique_tete_rouge,16/10/25,Noe
Dc90,D,c,90,Dc90,174,40,nonuvenile,non,epige,16/10/25,Noe
Dc91,D,c,91,Dc91,174,20,nonuvenile,non,epige,16/10/25,Noe
Dc92,D,c,92,Dc92,174,40,nonuvenile,non,endoge,16/10/25,Noe
Dc93,D,c,93,Dc93,174,40,nonuvenile,non,endoge,16/10/25,Noe
Dc94,D,c,94,Dc94,174,30,nonuvenile,non,epige,16/10/25,Noe
Dc95,D,c,95,Dc95,174,30,nonuvenile,non,epige,16/10/25,Noe
Dc96,D,c,96,Dc96,174,20,nonuvenile,non,endoge,16/10/25,Noe
Dc97,D,c,97,Dc97,174,50,nonuvenile,non,endoge,16/10/25,Noe
Dc98,D,c,98,Dc98,174,50,nonuvenile,non,epige,16/10/25,Noe
Dc99,D,c,99,Dc99,174,40,nonuvenile,non,endoge,16/10/25,Noe
Dc100,D,c,100,Dc100,174,30,nonuvenile,non,endoge,16/10/25,Noe
Dc101,D,c,101,Dc101,174,40,nonuvenile,non,endoge,16/10/25,Noe
Dc102,D,c,102,Dc102,174,30,nonuvenile,non,endoge,16/10/25,Noe
Dc103,D,c,103,Dc103,174,30,nonuvenile,non,epige,16/10/25,Noe
Dc104,D,c,104,Dc104,174,30,nonuvenile,non,epige,16/10/25,Noe
Dc105,D,c,105,Dc105,174,20,nonuvenile,non,epige,16/10/25,Noe
Dc106,D,c,106,Dc106,174,20,nonuvenile,non,epige,16/10/25,Noe
Dc107,D,c,107,Dc107,174,20,nonuvenile,non,epige,16/10/25,Noe
Dc108,D,c,108,Dc108,174,20,nonuvenile,non,epige,16/10/25,Noe
Dc109,D,c,109,Dc109,174,40,nonuvenile,non,anecique_tete_rouge,16/10/25,Carole
Dc110,D,c,110,Dc110,174,20,nonuvenile,non,epige,16/10/25,Noe
Dc111,D,c,111,Dc111,174,10,nonuvenile,non,epige,16/10/25,Noe
Dc112,D,c,112,Dc112,174,10,nonuvenile,non,epige,16/10/25,Noe
Dc113,D,c,113,Dc113,174,10,nonuvenile,non,endoge,16/10/25,Noe

Dc114,D,c,114,Dc114,174,10,nonuvenile,non,epige,16/10/25,Noe
